"Timestamp","Which committee are you?","Gossip?"
"2023/06/21 6:24:39 pm EEST","HSC","volunteer sexy"
"2023/06/21 6:25:37 pm EEST","HRC","Turskoj vece usi nego materijal "
"2023/06/21 6:35:16 pm EEST","ICJ","Russophobic court "
"2023/06/21 6:43:40 pm EEST","Volunteer","Zzzz"
"2023/06/21 7:16:51 pm EEST","Chair","the dodik "
"2023/06/21 7:23:35 pm EEST","Chair","THE DODIK"
"2023/06/21 7:24:36 pm EEST","HRC","delegation of France DOES NOT rest"
"2023/06/21 7:24:46 pm EEST","Chair","Hana spusti taj placard"
"2023/06/21 7:28:44 pm EEST","HRC","D Dodik"
"2023/06/21 8:16:51 pm EEST","HRC","HRC chair is really handsome. ;) "
"2023/06/21 8:23:35 pm EEST","HRC","the chair is fucking disciminating."
"2023/06/21 9:04:31 pm EEST","Chair","Ladies and gentlemen ENA FUCKING PELAK "
"2023/06/21 10:03:10 pm EEST","Chair","hsc probudite se sutra "
"2023/06/21 11:20:14 pm EEST","SC","God bless America"
"2023/06/21 11:56:10 pm EEST","HSC","ko je ona iz OB-a sto se ofira u stiklama"
"2023/06/22 12:20:55 am EEST","SC","GOD BLESS AMERICA ðŸ¦…ðŸ¦…ðŸ¦…ðŸ‡ºðŸ‡²ðŸ‡ºðŸ‡²ðŸ‡ºðŸ‡²"
"2023/06/22 12:42:44 am EEST","HSC","Nedim je najbolji chair>>>>>"
"2023/06/22 12:47:26 am EEST","HSC","Miki maus pojeo kupus "
"2023/06/22 1:03:22 am EEST","ICJ","Bice zeljo opet sampion "
"2023/06/22 1:03:58 am EEST","SC","Eh ako sutra rat ne pode boga mi nece nikad"
"2023/06/22 1:04:35 am EEST","SC","But how will all of this effect LeBrons legacy "
"2023/06/22 1:05:05 am EEST","SC","Dali da sutra ko jusuf da pricam votaj te u komentarima "
"2023/06/22 10:29:27 am EEST","HSC","chair nedim babo moj"
"2023/06/22 10:29:52 am EEST","HSC","chair nedim>> citav jebeni mun"
"2023/06/22 10:32:43 am EEST","Chair","nema lejle ne valja konf odmah"
"2023/06/22 12:24:08 pm EEST","ICJ","hocetel stavit vi sta"
"2023/06/22 12:24:50 pm EEST","ICJ","womens rights u icju ne postoje"
"2023/06/22 1:05:36 pm EEST","HSC","fotograf u havajskoj koÅ¡ulji je smashâœ¨"
"2023/06/22 1:08:35 pm EEST","HRC","norway jednom ustane i pojede sve"
"2023/06/22 1:08:53 pm EEST","HRC","CHAIRS FINE ASF"
"2023/06/22 1:10:00 pm EEST","HSC","kako juzna koreja spava nocu kad mi je ukro motion"
"2023/06/22 1:11:05 pm EEST","HRC","Day 2 of simping for the male chair. "
"2023/06/22 1:11:13 pm EEST","HSC","usa: ""i believe in peace"" chair: ""usa spusti pistolj."""
"2023/06/22 1:14:12 pm EEST","HSC","dat cu sssr-u source of information over my dead body"
"2023/06/22 1:15:18 pm EEST","HSC","ussr napusen zestoko"
"2023/06/22 1:15:35 pm EEST","HSC","w volunteers"
"2023/06/22 1:16:03 pm EEST","HSC","najjaci chairovi"
"2023/06/22 1:18:47 pm EEST","SC","ide li taj world domination plan china"
"2023/06/22 1:21:11 pm EEST","HSC","chair hamza bi najradije nekoga s onim pistoljem zvizno"
"2023/06/22 1:23:15 pm EEST","HSC","ussr: ""north korea is- enough of that- australia is..."""
"2023/06/22 1:28:49 pm EEST","Volunteer","Viva la new Napoleon"
"2023/06/22 1:31:32 pm EEST","SC","Isko Roki speaches make me bust "
"2023/06/22 1:36:14 pm EEST","SC","French Kingdom"
"2023/06/22 1:36:59 pm EEST","Volunteer","Hz"
"2023/06/22 1:41:29 pm EEST","HSC","Nukeat cu vas"
"2023/06/22 1:44:56 pm EEST","Volunteer","SIPAJ VODU IDE IDEEEEEEEEðŸ"
"2023/06/22 1:52:47 pm EEST","Volunteer","Hajte Å¾ene pite sirniceee"
"2023/06/22 1:54:03 pm EEST","HRC","The pinky volunteer one is s so hopa cupa a the OB pinky so also hopy cupy"
"2023/06/22 2:01:02 pm EEST","HSC","chair hamza is serving looks"
"2023/06/22 2:04:35 pm EEST","Volunteer","Ajdin i Amila couple goalsâ¤ï¸"
"2023/06/22 2:05:26 pm EEST","ICJ","inan is SWEATING."
"2023/06/22 2:08:41 pm EEST","Volunteer","ðŸŽ»"
"2023/06/22 2:10:30 pm EEST","Volunteer","Volonteri w"
"2023/06/22 2:15:42 pm EEST","HRC","Jebes debatu ja hocu da popricam malo s muskim chairom nasamo "
"2023/06/22 2:17:38 pm EEST","Chair","Jest neki kijamet uhvatio konferenciju Boze sacuvaj i sakloni"
"2023/06/22 2:19:06 pm EEST","Chair","Cura se pokrila jugo zastavom "
"2023/06/22 2:21:59 pm EEST","HRC","ko ovo uporno laze imada"
"2023/06/22 2:22:59 pm EEST","HSC","crvena volonterka cener kuume"
"2023/06/22 2:32:44 pm EEST","HSC","jebat cu vam mater sad svima ðŸ«¡"
"2023/06/22 3:01:54 pm EEST","Volunteer","FEDAAAAAA ETO NASSS"
"2023/06/22 3:13:05 pm EEST","HRC","Budem li cuo jos jednom the Dodik necu Vam vise sipat vode"
"2023/06/22 3:14:01 pm EEST","ICJ","we love russia's pull out game"
"2023/06/22 3:15:08 pm EEST","Volunteer","hajte Å¾ene u stem"
"2023/06/22 3:16:58 pm EEST","HSC","chairs hamza and nedim >>>"
"2023/06/22 3:20:22 pm EEST","HSC","taiwan pravi apology video"
"2023/06/22 3:21:16 pm EEST","HSC","istg ussr ce pojest ovaj ventilator do kraja muna"
"2023/06/22 3:23:03 pm EEST","Volunteer","THE DODIK "
"2023/06/22 3:28:51 pm EEST","HRC","NOT NEW ZELAND GAGGING ALL OF US. GIRL U ATE OT UP DURING THE CRISIS!!"
"2023/06/22 3:29:21 pm EEST","HSC","JA SAM LUD HOCU SAMO DROGE NMG GLEDAT HSC VISEEEEEEE"
"2023/06/22 3:32:38 pm EEST","Volunteer","onaj fotograf i Å¡efica smash <3"
"2023/06/22 3:42:59 pm EEST","SC","""the french king Macaron"" - south korea"
"2023/06/22 3:44:23 pm EEST","SC","""russian affiliated Macaroni"" - usa"
"2023/06/22 3:51:55 pm EEST","ICJ","DISMISSING ME AS A JUDGE PO TRECI PUTTT"
"2023/06/22 3:52:03 pm EEST","SC","""the frAAAAnch king"" - isko"
"2023/06/22 3:55:41 pm EEST","SC","""moscOoooOoOw"" - samir"
"2023/06/22 3:56:25 pm EEST","Volunteer","Albanija prekinula sama sa sb a ne s momkom "
"2023/06/22 3:58:15 pm EEST","SC","""murder connects people"" - taiwan"
"2023/06/22 4:05:37 pm EEST","HRC","OK THANK YOU MALE CHAIR FOR READING MY COMMENT OUT LOUD IN FRONT OF EVERYONE ðŸ˜­  "
"2023/06/22 4:06:38 pm EEST","Volunteer","FEDJAAAAAAAAAAAAAAA AAAAAAAAAAAAAAAAAAAAAAAAAAAA
ETO MANIJAKAAAAAAAA "
"2023/06/22 4:09:25 pm EEST","Volunteer","Kula jebem ti Allahe"
"2023/06/22 4:10:41 pm EEST","Volunteer","FEDAAAA NEMOJ ALLAHA
NARKOMANE"
"2023/06/22 4:12:39 pm EEST","Volunteer","Esma fuÅ¡eri"
"2023/06/22 4:13:12 pm EEST","Volunteer","Merjem fuÅ¡eri sa mnom"
"2023/06/22 4:13:31 pm EEST","Volunteer","Moj komitet umro od gladi"
"2023/06/22 4:13:55 pm EEST","Volunteer","aj pokrenite neki fight dosadne je"
"2023/06/22 4:16:40 pm EEST","Volunteer","HSC eating good danas"
"2023/06/22 4:16:44 pm EEST","Volunteer","Inas jebe majke"
"2023/06/22 4:17:03 pm EEST","HSC","nek neko sssr-u onaj ventilator ugura u guzicu"
"2023/06/22 4:18:45 pm EEST","Volunteer","How can we be racist we have black friends"
"2023/06/22 4:19:22 pm EEST","HSC","Hamza Ä‡e na kraju pojesti piÅ¡tolj"
"2023/06/22 4:20:40 pm EEST","HSC","Nedime mi te volimo,Nedime mi te volimo ðŸ˜"
"2023/06/22 4:20:49 pm EEST","Volunteer","Treba nam dokazzz"
"2023/06/22 4:21:02 pm EEST","Volunteer","stem Å¾ene umiru od gladi"
"2023/06/22 4:21:17 pm EEST","Volunteer","socials u stemu "
"2023/06/22 4:21:52 pm EEST","HRC","GoodFellas nema hsc"
"2023/06/22 4:23:52 pm EEST","SC","Best secretary general ever "
"2023/06/22 4:36:05 pm EEST","Volunteer","FEDJA MUSLIMANNNNNN"
"2023/06/22 4:37:04 pm EEST","Volunteer","hrc russia je smash"
"2023/06/22 4:37:28 pm EEST","HRC","Rusija najjaÄi"
"2023/06/22 4:39:18 pm EEST","Volunteer","Imal ko sta zavrsit ovom kuli nije dobar"
"2023/06/22 4:40:59 pm EEST","HRC","LoÅ¾im se na volonterku ZukiÄ‡"
"2023/06/22 4:46:12 pm EEST","Volunteer","Haj polako betanija"
"2023/06/22 4:53:40 pm EEST","HSC","hsc speedrunning wwiii"
"2023/06/22 4:59:19 pm EEST","HSC","nemojte ulaziti u hsc nisu zdravi"
"2023/06/22 5:00:28 pm EEST","Volunteer","istovareni"
"2023/06/22 5:01:42 pm EEST","OB","Treba kondomat postaviti u svakom komitetu"
"2023/06/22 5:02:41 pm EEST","HSC","udje samir odjednom nema un-a"
"2023/06/22 5:03:58 pm EEST","HSC","umjesto novih  radijatora uvedite kondomat"
"2023/06/22 5:06:51 pm EEST","OB","Kakve vam krize pisem sekem"
"2023/06/22 5:07:59 pm EEST","OB","Pustite meri iz ICJ-a"
"2023/06/22 5:20:28 pm EEST","ICJ","Russian advocate: ""i believe they should not have this much time to find proof""
Ukranian advocate: ""I believe you should get laid once in a while"""
"2023/06/22 5:43:09 pm EEST","HSC","usa in his villain era"
"2023/06/22 5:44:03 pm EEST","HSC","raspade se citav svijet u hscu"
"2023/06/22 5:52:03 pm EEST","HSC","BoÅ¾e pomozi"
"2023/06/22 5:52:27 pm EEST","HSC","girl are you taiwan because i want to make you mine (hsc china rizz)"
"2023/06/22 6:01:29 pm EEST","HRC","Viraminira se New Zealand "
"2023/06/22 6:01:53 pm EEST","HRC","Vitaminira se New Zealand "
"2023/06/22 6:12:49 pm EEST","HSC","australia sick of all those emos"
"2023/06/22 6:19:29 pm EEST","HRC","Delegate of Slovenia has cutest smile ever"
"2023/06/22 6:21:08 pm EEST","SC","SC vs France"
"2023/06/22 6:21:32 pm EEST","SC","Viva la killing the French "
"2023/06/22 6:22:00 pm EEST","SC","One China policy is done"
"2023/06/22 6:22:55 pm EEST","SC","cheef keef and kanye with shotguns and mustangs are going to take over the entire counry of france"